,qsmax,Ks,a,ms
0,-0.2904078782831113,0.05846458732072272,-1.9703404882597804,0.06052911869892322
1,-0.1034452476494947,0.03039302601686539,-1.509170380719372,-0.03704748101582936
2,-0.5114443048381858,0.06507101049180411,-1.9936469163056016,0.08692747764574615
3,-0.24494863513114018,0.054882533379849684,-1.37495890676245,0.0387564790989435
4,-0.035843204712128096,0.029570446456467128,-1.2494456813290573,0.0253877320092889
5,-0.5635101048063335,0.008231742019733429,-1.2196795743400948,0.02024699302317423
6,-0.4063740261477992,0.04002765728277412,-1.4048117817859347,0.07655002710734646
7,-0.01408846220118265,0.002692155519959174,-1.9212487865674128,0.06363355898753129
