,qsmax,Ks,a,ms
0,-0.3154649952321618,0.07500483114008037,-1.9973665357274666,-0.05160020746449521
