,qsmax,Ks,a,ms
0,-0.05394505252902304,0.07067745628139185,-1.3556115030202553,0.06264688453795622
